{"cameraMode":{"drawMode":0,"name":"Shaded","section":"Shading Mode"},"sceneLighting":false,"audioPlay":false,"sceneViewState":{"showFog":true,"showMaterialUpdate":true,"showSkybox":true,"showFlares":true,"showImageEffects":true,"showParticleSystems":true},"in2DMode":false,"pivot":{"x":0.0,"y":0.3068934679031372,"z":0.6581352949142456},"rotation":{"x":0.3211333453655243,"y":0.019885770976543428,"z":-0.006744920276105404,"w":0.9468011856079102},"size":9.54568862915039,"orthographic":false}