{"cameraMode":{"drawMode":0,"name":"Shaded","section":"Shading Mode"},"sceneLighting":false,"audioPlay":false,"sceneViewState":{"showFog":true,"showMaterialUpdate":true,"showSkybox":true,"showFlares":true,"showImageEffects":true,"showParticleSystems":true},"in2DMode":false,"pivot":{"x":0.6140830516815186,"y":10.75024127960205,"z":-4.489424228668213},"rotation":{"x":-0.40508389472961428,"y":-0.033738479018211368,"z":0.01495998166501522,"w":-0.9135343432426453},"size":0.9560057520866394,"orthographic":false}