{"cameraMode":{"drawMode":0,"name":"Shaded","section":"Shading Mode"},"sceneLighting":false,"audioPlay":false,"sceneViewState":{"showFog":false,"showMaterialUpdate":false,"showSkybox":false,"showFlares":false,"showImageEffects":false,"showParticleSystems":false},"in2DMode":false,"pivot":{"x":2.829756498336792,"y":7.575766563415527,"z":-5.988392353057861},"rotation":{"x":0.3427657186985016,"y":0.0014208750799298287,"z":-0.0005169060896150768,"w":0.9394197463989258},"size":1.307119607925415,"orthographic":false}