{"cameraMode":{"drawMode":0,"name":"Shaded","section":"Shading Mode"},"sceneLighting":false,"audioPlay":false,"sceneViewState":{"showFog":true,"showMaterialUpdate":true,"showSkybox":true,"showFlares":true,"showImageEffects":true,"showParticleSystems":true},"in2DMode":false,"pivot":{"x":22.02499771118164,"y":2.9149999618530275,"z":-0.9099999070167542},"rotation":{"x":-0.27894729375839236,"y":0.08684522658586502,"z":-0.025338562205433847,"w":-0.9560357332229614},"size":8.910764694213868,"orthographic":false}