{"cameraMode":{"drawMode":0,"name":"Shaded","section":"Shading Mode"},"sceneLighting":false,"audioPlay":false,"sceneViewState":{"showFog":true,"showMaterialUpdate":true,"showSkybox":true,"showFlares":true,"showImageEffects":true,"showParticleSystems":true},"in2DMode":false,"pivot":{"x":19.893178939819337,"y":3.1017370223999025,"z":-6.889290809631348},"rotation":{"x":-0.33157777786254885,"y":0.5122898817062378,"z":-0.22349245846271516,"w":-0.760043740272522},"size":13.371849060058594,"orthographic":false}