{"cameraMode":{"drawMode":0,"name":"Shaded","section":"Shading Mode"},"sceneLighting":false,"audioPlay":false,"sceneViewState":{"showFog":true,"showMaterialUpdate":true,"showSkybox":true,"showFlares":true,"showImageEffects":true,"showParticleSystems":true},"in2DMode":false,"pivot":{"x":45.17962646484375,"y":54.03459548950195,"z":-7.1391167640686039},"rotation":{"x":-0.30089616775512698,"y":0.6336389183998108,"z":-0.29357388615608218,"w":-0.6494441032409668},"size":13.371849060058594,"orthographic":false}