{"cameraMode":{"drawMode":0,"name":"Shaded","section":"Shading Mode"},"sceneLighting":false,"audioPlay":false,"sceneViewState":{"showFog":true,"showMaterialUpdate":true,"showSkybox":true,"showFlares":true,"showImageEffects":true,"showParticleSystems":true},"in2DMode":false,"pivot":{"x":18.939441680908204,"y":48.04541015625,"z":23.027572631835939},"rotation":{"x":0.32857486605644228,"y":-0.018407363444566728,"z":0.0064057111740112309,"w":0.9442768096923828},"size":1.8447538614273072,"orthographic":false}