{"cameraMode":{"drawMode":0,"name":"Shaded","section":"Shading Mode"},"sceneLighting":true,"audioPlay":false,"sceneViewState":{"showFog":true,"showMaterialUpdate":true,"showSkybox":true,"showFlares":true,"showImageEffects":true,"showParticleSystems":true},"in2DMode":false,"pivot":{"x":374.35693359375,"y":269.1133117675781,"z":-15.283843994140625},"rotation":{"x":0.16720104217529298,"y":0.01478614006191492,"z":-0.0025090952403843405,"w":0.9858087301254273},"size":433.1179504394531,"orthographic":false}