{"cameraMode":{"drawMode":0,"name":"Shaded","section":"Shading Mode"},"sceneLighting":true,"audioPlay":false,"sceneViewState":{"showFog":true,"showMaterialUpdate":true,"showSkybox":true,"showFlares":true,"showImageEffects":true,"showParticleSystems":true},"in2DMode":false,"pivot":{"x":-6.192023277282715,"y":52.34511947631836,"z":-38.65846252441406},"rotation":{"x":0.3019945025444031,"y":-0.06428612768650055,"z":0.02041524276137352,"w":0.9509205222129822},"size":18.02602767944336,"orthographic":false}