{"cameraMode":{"drawMode":0,"name":"Shaded","section":"Shading Mode"},"sceneLighting":false,"audioPlay":false,"sceneViewState":{"showFog":true,"showMaterialUpdate":true,"showSkybox":true,"showFlares":true,"showImageEffects":true,"showParticleSystems":true},"in2DMode":false,"pivot":{"x":4.5032548904418949,"y":1.5208433866500855,"z":2.60614013671875},"rotation":{"x":-0.002800530521199107,"y":-0.9768657088279724,"z":-0.012815311551094056,"w":0.21345117688179017},"size":8.161002159118653,"orthographic":false}