{"cameraMode":{"drawMode":0,"name":"Shaded","section":"Shading Mode"},"sceneLighting":false,"audioPlay":false,"sceneViewState":{"showFog":true,"showMaterialUpdate":true,"showSkybox":true,"showFlares":true,"showImageEffects":true,"showParticleSystems":true},"in2DMode":false,"pivot":{"x":13.471427917480469,"y":2.2522637844085695,"z":-9.560396194458008},"rotation":{"x":-0.007621722761541605,"y":-0.8347958326339722,"z":0.011557672172784806,"w":-0.550385594367981},"size":35.868736267089847,"orthographic":false}