{"cameraMode":{"drawMode":0,"name":"Shaded","section":"Shading Mode"},"sceneLighting":true,"audioPlay":false,"sceneViewState":{"showFog":true,"showMaterialUpdate":true,"showSkybox":true,"showFlares":true,"showImageEffects":true,"showParticleSystems":true},"in2DMode":false,"pivot":{"x":324.37127685546877,"y":245.11936950683595,"z":15.18780517578125},"rotation":{"x":-0.01199960708618164,"y":-7.335867024949039e-8,"z":-1.413603882838288e-7,"w":0.9999279975891113},"size":396.4493103027344,"orthographic":false}