{"cameraMode":{"drawMode":0,"name":"Shaded","section":"Shading Mode"},"sceneLighting":false,"audioPlay":false,"sceneViewState":{"showFog":true,"showMaterialUpdate":true,"showSkybox":true,"showFlares":true,"showImageEffects":true,"showParticleSystems":true},"in2DMode":false,"pivot":{"x":7.617992401123047,"y":4.447505950927734,"z":1.570277214050293},"rotation":{"x":-0.2579640746116638,"y":0.7173015475273132,"z":-0.33361878991127016,"w":-0.5546453595161438},"size":61.705142974853519,"orthographic":false}