{"cameraMode":{"drawMode":0,"name":"Shaded","section":"Shading Mode"},"sceneLighting":false,"audioPlay":false,"sceneViewState":{"showFog":false,"showMaterialUpdate":false,"showSkybox":false,"showFlares":false,"showImageEffects":false,"showParticleSystems":false},"in2DMode":false,"pivot":{"x":-4.801848411560059,"y":5.668951511383057,"z":1.461035132408142},"rotation":{"x":0.19266396760940553,"y":0.5502228140830994,"z":-0.1322348415851593,"w":0.8016541600227356},"size":1.307119607925415,"orthographic":false}