{"cameraMode":{"drawMode":0,"name":"Shaded","section":"Shading Mode"},"sceneLighting":false,"audioPlay":false,"sceneViewState":{"showFog":true,"showMaterialUpdate":true,"showSkybox":true,"showFlares":true,"showImageEffects":true,"showParticleSystems":true},"in2DMode":false,"pivot":{"x":-0.8872827291488648,"y":2.954906940460205,"z":9.63730525970459},"rotation":{"x":-0.004811115562915802,"y":-0.11763306707143784,"z":0.0005683785420842469,"w":-0.9930453300476074},"size":17.727737426757814,"orthographic":false}