{"cameraMode":{"drawMode":0,"name":"Shaded","section":"Shading Mode"},"sceneLighting":false,"audioPlay":false,"sceneViewState":{"showFog":true,"showMaterialUpdate":true,"showSkybox":true,"showFlares":true,"showImageEffects":true,"showParticleSystems":true},"in2DMode":false,"pivot":{"x":-0.220221146941185,"y":1.2568529844284058,"z":0.6623914241790772},"rotation":{"x":0.14825265109539033,"y":-0.026689456775784494,"z":0.004003507550805807,"w":0.9885811805725098},"size":16.33541488647461,"orthographic":false}