{"cameraMode":{"drawMode":0,"name":"Shaded","section":"Shading Mode"},"sceneLighting":false,"audioPlay":false,"sceneViewState":{"showFog":false,"showMaterialUpdate":false,"showSkybox":false,"showFlares":false,"showImageEffects":false,"showParticleSystems":false},"in2DMode":false,"pivot":{"x":5.1142754554748539,"y":4.103209972381592,"z":-6.630597114562988},"rotation":{"x":-0.15684059262275697,"y":0.2991076707839966,"z":-0.04991237074136734,"w":-0.939917266368866},"size":0.26810890436172488,"orthographic":false}