{"cameraMode":{"drawMode":0,"name":"Shaded","section":"Shading Mode"},"sceneLighting":false,"audioPlay":false,"sceneViewState":{"showFog":true,"showMaterialUpdate":true,"showSkybox":true,"showFlares":true,"showImageEffects":true,"showParticleSystems":true},"in2DMode":false,"pivot":{"x":0.1477949619293213,"y":0.9999476671218872,"z":-4.894937992095947},"rotation":{"x":0.09349468350410462,"y":-0.4299241006374359,"z":0.04481709748506546,"w":0.8968920707702637},"size":9.466218948364258,"orthographic":false}