{"cameraMode":{"drawMode":0,"name":"Shaded","section":"Shading Mode"},"sceneLighting":false,"audioPlay":false,"sceneViewState":{"showFog":false,"showMaterialUpdate":false,"showSkybox":false,"showFlares":false,"showImageEffects":false,"showParticleSystems":false},"in2DMode":false,"pivot":{"x":-11.1675386428833,"y":-6.286075115203857,"z":23.5821533203125},"rotation":{"x":0.2027938812971115,"y":-0.03670184686779976,"z":0.0076077161356806759,"w":0.9785038828849793},"size":35.48100662231445,"orthographic":false}