{"cameraMode":{"drawMode":0,"name":"Shaded","section":"Shading Mode"},"sceneLighting":false,"audioPlay":false,"sceneViewState":{"showFog":true,"showMaterialUpdate":true,"showSkybox":true,"showFlares":true,"showImageEffects":true,"showParticleSystems":true},"in2DMode":false,"pivot":{"x":-12.186041831970215,"y":4.711433410644531,"z":-1.1831989288330079},"rotation":{"x":-0.3451733887195587,"y":0.09604045748710633,"z":-0.03553388640284538,"w":-0.9329356551170349},"size":13.43995475769043,"orthographic":false}