{"cameraMode":{"drawMode":0,"name":"Shaded","section":"Shading Mode"},"sceneLighting":false,"audioPlay":false,"sceneViewState":{"showFog":true,"showMaterialUpdate":false,"showSkybox":true,"showFlares":true,"showImageEffects":true,"showParticleSystems":true},"in2DMode":false,"pivot":{"x":0.8684530258178711,"y":0.06418204307556153,"z":-6.683427810668945},"rotation":{"x":-0.10741667449474335,"y":0.7088438272476196,"z":-0.11062180995941162,"w":-0.6883059144020081},"size":5.567356586456299,"orthographic":false}