{"cameraMode":{"drawMode":0,"name":"Shaded","section":"Shading Mode"},"sceneLighting":false,"audioPlay":false,"sceneViewState":{"showFog":false,"showMaterialUpdate":false,"showSkybox":false,"showFlares":false,"showImageEffects":false,"showParticleSystems":false},"in2DMode":false,"pivot":{"x":-1.9745951890945435,"y":-0.28154924511909487,"z":-2.9074594974517824},"rotation":{"x":0.15275491774082185,"y":-0.6768311858177185,"z":0.14664620161056519,"w":0.7050250768661499},"size":9.879801750183106,"orthographic":false}