{"cameraMode":{"drawMode":0,"name":"Shaded","section":"Shading Mode"},"sceneLighting":false,"audioPlay":false,"sceneViewState":{"showFog":true,"showMaterialUpdate":true,"showSkybox":true,"showFlares":true,"showImageEffects":true,"showParticleSystems":true},"in2DMode":false,"pivot":{"x":100.12994384765625,"y":139.45285034179688,"z":5.141197204589844},"rotation":{"x":-0.179411381483078,"y":0.7577662467956543,"z":-0.23346735537052155,"w":-0.5823186635971069},"size":174.20562744140626,"orthographic":false}