{"cameraMode":{"drawMode":0,"name":"Shaded","section":"Shading Mode"},"sceneLighting":false,"audioPlay":false,"sceneViewState":{"showFog":false,"showMaterialUpdate":false,"showSkybox":false,"showFlares":false,"showImageEffects":false,"showParticleSystems":false},"in2DMode":false,"pivot":{"x":-3.0456016063690187,"y":1.6535447835922242,"z":-2.054412364959717},"rotation":{"x":0.22713270783424378,"y":0.013724645599722863,"z":0.003200056729838252,"w":-0.9737618565559387},"size":4.928041934967041,"orthographic":false}