{"cameraMode":{"drawMode":0,"name":"Shaded","section":"Shading Mode"},"sceneLighting":false,"audioPlay":false,"sceneViewState":{"showFog":true,"showMaterialUpdate":true,"showSkybox":true,"showFlares":true,"showImageEffects":true,"showParticleSystems":true},"in2DMode":false,"pivot":{"x":-3.9323654174804689,"y":-0.5778748989105225,"z":2.99580717086792},"rotation":{"x":-0.12447381019592285,"y":0.49650639295578005,"z":-0.07219486683607102,"w":-0.8560231328010559},"size":15.455870628356934,"orthographic":false}