{"cameraMode":{"drawMode":0,"name":"Shaded","section":"Shading Mode"},"sceneLighting":true,"audioPlay":false,"sceneViewState":{"showFog":true,"showMaterialUpdate":true,"showSkybox":true,"showFlares":true,"showImageEffects":true,"showParticleSystems":true},"in2DMode":false,"pivot":{"x":-4.8073811531066898,"y":3.773949384689331,"z":7.116700172424316},"rotation":{"x":-0.21860337257385255,"y":-0.29406920075416567,"z":0.06928282976150513,"w":-0.9278662800788879},"size":15.37495231628418,"orthographic":false}