{"cameraMode":{"drawMode":0,"name":"Shaded","section":"Shading Mode"},"sceneLighting":true,"audioPlay":false,"sceneViewState":{"showFog":true,"showMaterialUpdate":true,"showSkybox":true,"showFlares":true,"showImageEffects":true,"showParticleSystems":true},"in2DMode":false,"pivot":{"x":10.957917213439942,"y":1.329493761062622,"z":20.269821166992189},"rotation":{"x":-0.021458975970745088,"y":0.34570059180259707,"z":-0.007907949388027192,"w":-0.9380661845207214},"size":37.306148529052737,"orthographic":false}