{"cameraMode":{"drawMode":0,"name":"Shaded","section":"Shading Mode"},"sceneLighting":false,"audioPlay":false,"sceneViewState":{"showFog":true,"showMaterialUpdate":true,"showSkybox":true,"showFlares":true,"showImageEffects":true,"showParticleSystems":true},"in2DMode":false,"pivot":{"x":-0.021124958992004396,"y":0.9500000476837158,"z":0.20500004291534425},"rotation":{"x":0.3623044788837433,"y":-0.02375376783311367,"z":0.009237601421773434,"w":0.9317113161087036},"size":6.775091648101807,"orthographic":false}