{"cameraMode":{"drawMode":0,"name":"Shaded","section":"Shading Mode"},"sceneLighting":false,"audioPlay":false,"sceneViewState":{"showFog":false,"showMaterialUpdate":false,"showSkybox":false,"showFlares":false,"showImageEffects":false,"showParticleSystems":false},"in2DMode":false,"pivot":{"x":-0.31740665435791018,"y":0.5316925048828125,"z":-1.3394627571105958},"rotation":{"x":-0.33819422125816347,"y":0.09491182118654251,"z":-0.0343075729906559,"w":-0.9356492161750794},"size":10.047101020812989,"orthographic":false}