{"cameraMode":{"drawMode":0,"name":"Shaded","section":"Shading Mode"},"sceneLighting":true,"audioPlay":false,"sceneViewState":{"showFog":true,"showMaterialUpdate":true,"showSkybox":true,"showFlares":true,"showImageEffects":true,"showParticleSystems":true},"in2DMode":false,"pivot":{"x":-1.4867310523986817,"y":30.93844985961914,"z":16.759483337402345},"rotation":{"x":0.6298133730888367,"y":0.008162726648151875,"z":-0.006617928389459848,"w":0.7766754627227783},"size":34.65903091430664,"orthographic":false}