{"cameraMode":{"drawMode":0,"name":"Shaded","section":"Shading Mode"},"sceneLighting":false,"audioPlay":false,"sceneViewState":{"showFog":false,"showMaterialUpdate":false,"showSkybox":false,"showFlares":false,"showImageEffects":false,"showParticleSystems":false},"in2DMode":false,"pivot":{"x":0.9758274555206299,"y":-1.9763188362121583,"z":-1.7692546844482422},"rotation":{"x":0.35541802644729617,"y":-0.00560664152726531,"z":0.00213192799128592,"w":0.9346882104873657},"size":9.879801750183106,"orthographic":false}