{"cameraMode":{"drawMode":0,"name":"Shaded","section":"Shading Mode"},"sceneLighting":false,"audioPlay":false,"sceneViewState":{"showFog":true,"showMaterialUpdate":true,"showSkybox":true,"showFlares":true,"showImageEffects":true,"showParticleSystems":true},"in2DMode":false,"pivot":{"x":0.1973493993282318,"y":-0.23102164268493653,"z":-3.462559223175049},"rotation":{"x":0.17778950929641725,"y":-0.03688254952430725,"z":0.006669024005532265,"w":0.9833545088768005},"size":6.77509069442749,"orthographic":false}