{"cameraMode":{"drawMode":0,"name":"Shaded","section":"Shading Mode"},"sceneLighting":false,"audioPlay":false,"sceneViewState":{"showFog":false,"showMaterialUpdate":false,"showSkybox":false,"showFlares":false,"showImageEffects":false,"showParticleSystems":false},"in2DMode":false,"pivot":{"x":4.66355037689209,"y":3.5427465438842775,"z":-8.16709041595459},"rotation":{"x":-0.06462099403142929,"y":0.07983119040727616,"z":-0.005187063477933407,"w":-0.9946980476379395},"size":2.7560055255889894,"orthographic":false}