{"cameraMode":{"drawMode":0,"name":"Shaded","section":"Shading Mode"},"sceneLighting":false,"audioPlay":false,"sceneViewState":{"showFog":true,"showMaterialUpdate":true,"showSkybox":true,"showFlares":true,"showImageEffects":true,"showParticleSystems":true},"in2DMode":false,"pivot":{"x":-0.06759166717529297,"y":0.5116908550262451,"z":-0.028188228607177736},"rotation":{"x":0.3058714270591736,"y":0.005721254739910364,"z":-0.0018373774364590645,"w":0.9520539045333862},"size":8.998998641967774,"orthographic":false}