{"cameraMode":{"drawMode":0,"name":"Shaded","section":"Shading Mode"},"sceneLighting":false,"audioPlay":false,"sceneViewState":{"showFog":true,"showMaterialUpdate":true,"showSkybox":true,"showFlares":true,"showImageEffects":true,"showParticleSystems":true},"in2DMode":false,"pivot":{"x":0.19775390625,"y":5.591466426849365,"z":-1.822366714477539},"rotation":{"x":-0.020720012485980989,"y":0.9710791110992432,"z":0.09167509526014328,"w":0.2194804698228836},"size":11.585334777832032,"orthographic":false}