{"cameraMode":{"drawMode":0,"name":"Shaded","section":"Shading Mode"},"sceneLighting":false,"audioPlay":false,"sceneViewState":{"showFog":false,"showMaterialUpdate":false,"showSkybox":false,"showFlares":false,"showImageEffects":false,"showParticleSystems":false},"in2DMode":false,"pivot":{"x":-1.8129873275756837,"y":0.39249181747436526,"z":5.872000694274902},"rotation":{"x":-0.11793061345815659,"y":0.18563252687454225,"z":-0.0224490687251091,"w":-0.9752584099769592},"size":15.460131645202637,"orthographic":false}