{"cameraMode":{"drawMode":0,"name":"Shaded","section":"Shading Mode"},"sceneLighting":false,"audioPlay":false,"sceneViewState":{"showFog":false,"showMaterialUpdate":false,"showSkybox":false,"showFlares":false,"showImageEffects":false,"showParticleSystems":false},"in2DMode":false,"pivot":{"x":2.8317081928253176,"y":3.8768646717071535,"z":-1.057115077972412},"rotation":{"x":0.3335587978363037,"y":0.2313867062330246,"z":-0.08481945097446442,"w":0.9099475145339966},"size":5.982023239135742,"orthographic":false}