{"cameraMode":{"drawMode":0,"name":"Shaded","section":"Shading Mode"},"sceneLighting":false,"audioPlay":false,"sceneViewState":{"showFog":true,"showMaterialUpdate":true,"showSkybox":true,"showFlares":true,"showImageEffects":true,"showParticleSystems":true},"in2DMode":false,"pivot":{"x":8.199996948242188,"y":-0.0005000000237487257,"z":12.299999237060547},"rotation":{"x":-0.23872026801109315,"y":-0.07944244146347046,"z":0.01959950663149357,"w":-0.9676349759101868},"size":258.265869140625,"orthographic":false}