{"cameraMode":{"drawMode":0,"name":"Shaded","section":"Shading Mode"},"sceneLighting":false,"audioPlay":false,"sceneViewState":{"showFog":false,"showMaterialUpdate":false,"showSkybox":false,"showFlares":false,"showImageEffects":false,"showParticleSystems":false},"in2DMode":false,"pivot":{"x":2.6999998092651369,"y":2.4750001430511476,"z":0.75},"rotation":{"x":-0.10198885202407837,"y":0.06320951879024506,"z":-0.006494598928838968,"w":-0.9927541017532349},"size":15.376069068908692,"orthographic":true}