{"cameraMode":{"drawMode":0,"name":"Shaded","section":"Shading Mode"},"sceneLighting":true,"audioPlay":false,"sceneViewState":{"showFog":true,"showMaterialUpdate":true,"showSkybox":true,"showFlares":true,"showImageEffects":true,"showParticleSystems":true},"in2DMode":false,"pivot":{"x":96.11585235595703,"y":11.768596649169922,"z":90.33944702148438},"rotation":{"x":0.06759840995073319,"y":0.39981570839881899,"z":-0.02958102710545063,"w":0.9136207103729248},"size":195.71078491210938,"orthographic":false}