{"cameraMode":{"drawMode":0,"name":"Shaded","section":"Shading Mode"},"sceneLighting":false,"audioPlay":false,"sceneViewState":{"showFog":true,"showMaterialUpdate":true,"showSkybox":true,"showFlares":true,"showImageEffects":true,"showParticleSystems":true},"in2DMode":false,"pivot":{"x":0.0,"y":-2.6931066513061525,"z":0.6581352949142456},"rotation":{"x":-0.14888359606266023,"y":-0.17639251053333283,"z":0.027002545073628427,"w":-0.9726203083992004},"size":9.54568862915039,"orthographic":false}