{"cameraMode":{"drawMode":0,"name":"Shaded","section":"Shading Mode"},"sceneLighting":true,"audioPlay":false,"sceneViewState":{"showFog":true,"showMaterialUpdate":true,"showSkybox":true,"showFlares":true,"showImageEffects":true,"showParticleSystems":true},"in2DMode":false,"pivot":{"x":12.79094123840332,"y":1.584991216659546,"z":11.508737564086914},"rotation":{"x":-0.17522165179252625,"y":0.21140959858894349,"z":-0.038555119186639789,"w":-0.9607897400856018},"size":17.713537216186525,"orthographic":false}