{"cameraMode":{"drawMode":0,"name":"Shaded","section":"Shading Mode"},"sceneLighting":false,"audioPlay":false,"sceneViewState":{"showFog":true,"showMaterialUpdate":true,"showSkybox":true,"showFlares":true,"showImageEffects":true,"showParticleSystems":true},"in2DMode":false,"pivot":{"x":-3.9431076049804689,"y":-4.907458782196045,"z":13.290018081665039},"rotation":{"x":0.2663411498069763,"y":0.1850847452878952,"z":-0.052191272377967837,"w":0.9445010423660278},"size":24.181455612182618,"orthographic":false}