{"cameraMode":{"drawMode":0,"name":"Shaded","section":"Shading Mode"},"sceneLighting":false,"audioPlay":false,"sceneViewState":{"showFog":false,"showMaterialUpdate":false,"showSkybox":false,"showFlares":false,"showImageEffects":false,"showParticleSystems":false},"in2DMode":false,"pivot":{"x":2.6751537322998049,"y":7.714704513549805,"z":-5.896764755249023},"rotation":{"x":0.2793964743614197,"y":-0.06617435812950134,"z":0.019307028502225877,"w":0.9576981663703919},"size":1.307119607925415,"orthographic":false}