{"cameraMode":{"drawMode":0,"name":"Shaded","section":"Shading Mode"},"sceneLighting":false,"audioPlay":false,"sceneViewState":{"showFog":true,"showMaterialUpdate":true,"showSkybox":true,"showFlares":true,"showImageEffects":true,"showParticleSystems":true},"in2DMode":false,"pivot":{"x":-0.8795431852340698,"y":0.26637983322143557,"z":-1.01565420627594},"rotation":{"x":0.11862193048000336,"y":-0.5342457890510559,"z":0.07603242248296738,"w":0.833504319190979},"size":6.675169467926025,"orthographic":false}