{"cameraMode":{"drawMode":0,"name":"Shaded","section":"Shading Mode"},"sceneLighting":false,"audioPlay":false,"sceneViewState":{"showFog":false,"showMaterialUpdate":false,"showSkybox":false,"showFlares":false,"showImageEffects":false,"showParticleSystems":false},"in2DMode":false,"pivot":{"x":1.1638625860214234,"y":1.4981415271759034,"z":4.3107147216796879},"rotation":{"x":0.10052669793367386,"y":-0.05666785687208176,"z":0.005735292099416256,"w":0.9933027029037476},"size":14.540922164916993,"orthographic":false}