{"cameraMode":{"drawMode":0,"name":"Shaded","section":"Shading Mode"},"sceneLighting":false,"audioPlay":false,"sceneViewState":{"showFog":true,"showMaterialUpdate":true,"showSkybox":true,"showFlares":true,"showImageEffects":true,"showParticleSystems":true},"in2DMode":false,"pivot":{"x":-1.3318198919296265,"y":1.5128072500228882,"z":-3.3626575469970705},"rotation":{"x":-0.002088983776047826,"y":0.9978976249694824,"z":-0.048309747129678729,"w":-0.04315393418073654},"size":12.17801570892334,"orthographic":false}