{"cameraMode":{"drawMode":0,"name":"Shaded","section":"Shading Mode"},"sceneLighting":false,"audioPlay":false,"sceneViewState":{"showFog":true,"showMaterialUpdate":true,"showSkybox":true,"showFlares":true,"showImageEffects":true,"showParticleSystems":true},"in2DMode":false,"pivot":{"x":-0.06839735060930252,"y":-0.28959739208221438,"z":0.6248855590820313},"rotation":{"x":0.00023587186296936125,"y":-0.9997105598449707,"z":0.021342748776078225,"w":0.011106204241514206},"size":19.324016571044923,"orthographic":false}