{"cameraMode":{"drawMode":0,"name":"Shaded","section":"Shading Mode"},"sceneLighting":false,"audioPlay":false,"sceneViewState":{"showFog":true,"showMaterialUpdate":true,"showSkybox":true,"showFlares":true,"showImageEffects":true,"showParticleSystems":true},"in2DMode":false,"pivot":{"x":-0.022481799125671388,"y":1.5836706161499024,"z":4.187953472137451},"rotation":{"x":0.09732264280319214,"y":-0.08794989436864853,"z":0.008634699508547783,"w":0.9913216233253479},"size":10.333436965942383,"orthographic":false}