{"cameraMode":{"drawMode":0,"name":"Shaded","section":"Shading Mode"},"sceneLighting":false,"audioPlay":false,"sceneViewState":{"showFog":true,"showMaterialUpdate":true,"showSkybox":true,"showFlares":true,"showImageEffects":true,"showParticleSystems":true},"in2DMode":false,"pivot":{"x":8.580087661743164,"y":-23.538206100463868,"z":9.866455078125},"rotation":{"x":0.7327433824539185,"y":-0.0030556139536201956,"z":0.0032916951458901169,"w":0.6804901957511902},"size":51.82526779174805,"orthographic":false}