{"cameraMode":{"drawMode":0,"name":"Shaded","section":"Shading Mode"},"sceneLighting":false,"audioPlay":false,"sceneViewState":{"showFog":true,"showMaterialUpdate":true,"showSkybox":true,"showFlares":true,"showImageEffects":true,"showParticleSystems":true},"in2DMode":false,"pivot":{"x":3.352233409881592,"y":3.7296676635742189,"z":-2.461883783340454},"rotation":{"x":-0.0796782597899437,"y":0.05139709636569023,"z":-0.004113880451768637,"w":-0.9954862594604492},"size":5.523471355438232,"orthographic":false}