{"cameraMode":{"drawMode":0,"name":"Shaded","section":"Shading Mode"},"sceneLighting":false,"audioPlay":false,"sceneViewState":{"showFog":false,"showMaterialUpdate":false,"showSkybox":false,"showFlares":false,"showImageEffects":false,"showParticleSystems":false},"in2DMode":false,"pivot":{"x":1.7036728858947755,"y":-1.7308405637741089,"z":-1.3220901489257813},"rotation":{"x":0.004867939744144678,"y":0.012001188471913338,"z":-0.00005843081453349441,"w":0.999916136264801},"size":8.673022270202637,"orthographic":false}