{"cameraMode":{"drawMode":0,"name":"Shaded","section":"Shading Mode"},"sceneLighting":false,"audioPlay":false,"sceneViewState":{"showFog":true,"showMaterialUpdate":true,"showSkybox":true,"showFlares":true,"showImageEffects":true,"showParticleSystems":true},"in2DMode":false,"pivot":{"x":-33.19809341430664,"y":-15.188962936401368,"z":19.690624237060548},"rotation":{"x":0.2679121494293213,"y":-0.06495895981788635,"z":0.018108541145920755,"w":0.9610804319381714},"size":13.644350051879883,"orthographic":false}