{"cameraMode":{"drawMode":0,"name":"Shaded","section":"Shading Mode"},"sceneLighting":true,"audioPlay":false,"sceneViewState":{"showFog":true,"showMaterialUpdate":true,"showSkybox":true,"showFlares":true,"showImageEffects":true,"showParticleSystems":true},"in2DMode":false,"pivot":{"x":549.7049560546875,"y":407.7828674316406,"z":12.757766723632813},"rotation":{"x":-0.13311362266540528,"y":0.07484390586614609,"z":-0.010080407373607159,"w":-0.9882193803787231},"size":217.62403869628907,"orthographic":false}