{"cameraMode":{"drawMode":0,"name":"Shaded","section":"Shading Mode"},"sceneLighting":false,"audioPlay":false,"sceneViewState":{"showFog":true,"showMaterialUpdate":false,"showSkybox":true,"showFlares":true,"showImageEffects":true,"showParticleSystems":true},"in2DMode":false,"pivot":{"x":1.5213356018066407,"y":-0.4397391080856323,"z":-7.317209243774414},"rotation":{"x":-0.038207318633794788,"y":0.9399508833885193,"z":-0.11220482736825943,"w":-0.32006657123565676},"size":5.3487396240234379,"orthographic":false}