{"cameraMode":{"drawMode":0,"name":"Shaded","section":"Shading Mode"},"sceneLighting":false,"audioPlay":false,"sceneViewState":{"showFog":false,"showMaterialUpdate":false,"showSkybox":false,"showFlares":false,"showImageEffects":false,"showParticleSystems":false},"in2DMode":false,"pivot":{"x":0.4956463575363159,"y":-0.7365775108337402,"z":5.910906791687012},"rotation":{"x":-0.1747146099805832,"y":0.04929954558610916,"z":-0.008760991506278515,"w":-0.9833451509475708},"size":15.460131645202637,"orthographic":false}