{"cameraMode":{"drawMode":0,"name":"Shaded","section":"Shading Mode"},"sceneLighting":false,"audioPlay":false,"sceneViewState":{"showFog":true,"showMaterialUpdate":true,"showSkybox":true,"showFlares":true,"showImageEffects":true,"showParticleSystems":true},"in2DMode":false,"pivot":{"x":-0.22410768270492555,"y":2.7035045623779299,"z":0.00039577484130859375},"rotation":{"x":0.24369844794273377,"y":0.6169317364692688,"z":-0.20925451815128327,"w":0.7184837460517883},"size":13.371851921081543,"orthographic":false}