{"cameraMode":{"drawMode":0,"name":"Shaded","section":"Shading Mode"},"sceneLighting":false,"audioPlay":false,"sceneViewState":{"showFog":true,"showMaterialUpdate":true,"showSkybox":true,"showFlares":true,"showImageEffects":true,"showParticleSystems":true},"in2DMode":false,"pivot":{"x":45.811241149902347,"y":52.78685760498047,"z":-4.882596969604492},"rotation":{"x":-0.30089616775512698,"y":0.6336389183998108,"z":-0.29357388615608218,"w":-0.6494441032409668},"size":6.835180759429932,"orthographic":false}