{"cameraMode":{"drawMode":0,"name":"Shaded","section":"Shading Mode"},"sceneLighting":false,"audioPlay":false,"sceneViewState":{"showFog":true,"showMaterialUpdate":true,"showSkybox":true,"showFlares":true,"showImageEffects":true,"showParticleSystems":true},"in2DMode":false,"pivot":{"x":-4.8940043449401859,"y":-0.3901805877685547,"z":1.172943115234375},"rotation":{"x":0.2218131721019745,"y":-0.039465587586164477,"z":0.008987191133201123,"w":0.9742487668991089},"size":49.286346435546878,"orthographic":false}