{"cameraMode":{"drawMode":0,"name":"Shaded","section":"Shading Mode"},"sceneLighting":false,"audioPlay":false,"sceneViewState":{"showFog":true,"showMaterialUpdate":true,"showSkybox":true,"showFlares":true,"showImageEffects":true,"showParticleSystems":true},"in2DMode":false,"pivot":{"x":28.54643440246582,"y":2.816488742828369,"z":4.628747463226318},"rotation":{"x":-0.19472850859165193,"y":-0.6112085580825806,"z":0.15856854617595673,"w":-0.7505737543106079},"size":4.932105541229248,"orthographic":false}