{"cameraMode":{"drawMode":0,"name":"Shaded","section":"Shading Mode"},"sceneLighting":false,"audioPlay":false,"sceneViewState":{"showFog":true,"showMaterialUpdate":true,"showSkybox":true,"showFlares":true,"showImageEffects":true,"showParticleSystems":true},"in2DMode":false,"pivot":{"x":11.802653312683106,"y":2.185537338256836,"z":10.146411895751954},"rotation":{"x":0.06028522923588753,"y":0.03294285014271736,"z":-0.001989577664062381,"w":0.9976354837417603},"size":63.57571029663086,"orthographic":false}