{"cameraMode":{"drawMode":0,"name":"Shaded","section":"Shading Mode"},"sceneLighting":false,"audioPlay":false,"sceneViewState":{"showFog":false,"showMaterialUpdate":false,"showSkybox":false,"showFlares":false,"showImageEffects":false,"showParticleSystems":false},"in2DMode":false,"pivot":{"x":2.700000047683716,"y":2.4750001430511476,"z":0.75},"rotation":{"x":-0.09470609575510025,"y":-0.023307567462325097,"z":0.0022171565797179939,"w":-0.995229959487915},"size":9.694077491760254,"orthographic":true}