{"cameraMode":{"drawMode":0,"name":"Shaded","section":"Shading Mode"},"sceneLighting":false,"audioPlay":false,"sceneViewState":{"showFog":false,"showMaterialUpdate":false,"showSkybox":false,"showFlares":false,"showImageEffects":false,"showParticleSystems":false},"in2DMode":false,"pivot":{"x":1.2601336240768433,"y":1.9890722036361695,"z":-0.7130693793296814},"rotation":{"x":-0.14894437789916993,"y":0.10420836508274079,"z":-0.015787558630108835,"w":-0.9832125902175903},"size":9.2008695602417,"orthographic":false}