{"cameraMode":{"drawMode":0,"name":"Shaded","section":"Shading Mode"},"sceneLighting":false,"audioPlay":false,"sceneViewState":{"showFog":false,"showMaterialUpdate":false,"showSkybox":false,"showFlares":false,"showImageEffects":false,"showParticleSystems":false},"in2DMode":false,"pivot":{"x":1.1396998167037964,"y":-0.35153865814208987,"z":3.7970056533813478},"rotation":{"x":0.16578912734985352,"y":-0.05911950021982193,"z":0.009957581758499146,"w":0.9843372106552124},"size":14.540922164916993,"orthographic":false}