{"cameraMode":{"drawMode":0,"name":"Shaded","section":"Shading Mode"},"sceneLighting":true,"audioPlay":false,"sceneViewState":{"showFog":true,"showMaterialUpdate":true,"showSkybox":true,"showFlares":true,"showImageEffects":true,"showParticleSystems":true},"in2DMode":false,"pivot":{"x":73.8145980834961,"y":414.9826965332031,"z":-15.523971557617188},"rotation":{"x":-0.04900031536817551,"y":0.18380078673362733,"z":-0.009173590689897538,"w":-0.9816985726356506},"size":535.7235107421875,"orthographic":false}