{"cameraMode":{"drawMode":0,"name":"Shaded","section":"Shading Mode"},"sceneLighting":false,"audioPlay":false,"sceneViewState":{"showFog":true,"showMaterialUpdate":true,"showSkybox":true,"showFlares":true,"showImageEffects":true,"showParticleSystems":true},"in2DMode":false,"pivot":{"x":-9.241058349609375,"y":-0.10000000894069672,"z":19.069053649902345},"rotation":{"x":0.3058714270591736,"y":0.005721254739910364,"z":-0.0018373774364590645,"w":0.9520539045333862},"size":3.157883644104004,"orthographic":false}