{"cameraMode":{"drawMode":0,"name":"Shaded","section":"Shading Mode"},"sceneLighting":false,"audioPlay":false,"sceneViewState":{"showFog":true,"showMaterialUpdate":true,"showSkybox":true,"showFlares":true,"showImageEffects":true,"showParticleSystems":true},"in2DMode":false,"pivot":{"x":27.873764038085939,"y":4.139416694641113,"z":6.4800705909729},"rotation":{"x":-0.1467938870191574,"y":-0.8418973684310913,"z":0.28446564078330996,"w":-0.43444180488586428},"size":17.005128860473634,"orthographic":false}