{"cameraMode":{"drawMode":0,"name":"Shaded","section":"Shading Mode"},"sceneLighting":false,"audioPlay":false,"sceneViewState":{"showFog":false,"showMaterialUpdate":false,"showSkybox":false,"showFlares":false,"showImageEffects":false,"showParticleSystems":false},"in2DMode":false,"pivot":{"x":-2.757091760635376,"y":-2.381981372833252,"z":0.5835380554199219},"rotation":{"x":0.26194635033607485,"y":-0.6208817362785339,"z":0.231833353638649,"w":0.7015292644500732},"size":4.286458492279053,"orthographic":false}