{"cameraMode":{"drawMode":0,"name":"Shaded","section":"Shading Mode"},"sceneLighting":false,"audioPlay":false,"sceneViewState":{"showFog":false,"showMaterialUpdate":false,"showSkybox":false,"showFlares":false,"showImageEffects":false,"showParticleSystems":false},"in2DMode":false,"pivot":{"x":4.501165390014648,"y":3.606463670730591,"z":-8.19007682800293},"rotation":{"x":-0.05403607711195946,"y":0.10672250390052796,"z":-0.005809486377984285,"w":-0.9928024411201477},"size":-0.5439943075180054,"orthographic":false}