{"cameraMode":{"drawMode":0,"name":"Shaded","section":"Shading Mode"},"sceneLighting":false,"audioPlay":false,"sceneViewState":{"showFog":false,"showMaterialUpdate":false,"showSkybox":false,"showFlares":false,"showImageEffects":false,"showParticleSystems":false},"in2DMode":false,"pivot":{"x":6.348232746124268,"y":6.227901458740234,"z":14.527105331420899},"rotation":{"x":-0.1096738874912262,"y":0.0005883429548703134,"z":-0.00006379992555594072,"w":-0.9939674735069275},"size":36.04567337036133,"orthographic":false}