{"cameraMode":{"drawMode":0,"name":"Shaded","section":"Shading Mode"},"sceneLighting":false,"audioPlay":false,"sceneViewState":{"showFog":false,"showMaterialUpdate":false,"showSkybox":false,"showFlares":false,"showImageEffects":false,"showParticleSystems":false},"in2DMode":false,"pivot":{"x":0.3848590850830078,"y":0.13182610273361207,"z":-1.6950178146362305},"rotation":{"x":0.007807312533259392,"y":-0.12417320907115936,"z":0.0009770473698154092,"w":0.9922294020652771},"size":11.265143394470215,"orthographic":false}