{"cameraMode":{"drawMode":0,"name":"Shaded","section":"Shading Mode"},"sceneLighting":false,"audioPlay":false,"sceneViewState":{"showFog":true,"showMaterialUpdate":true,"showSkybox":true,"showFlares":true,"showImageEffects":true,"showParticleSystems":true},"in2DMode":false,"pivot":{"x":10.363824844360352,"y":4.3052191734313969,"z":3.200105667114258},"rotation":{"x":0.023468749597668649,"y":-0.9678653478622437,"z":-0.09872831404209137,"w":-0.23008418083190919},"size":21.697189331054689,"orthographic":false}