{"cameraMode":{"drawMode":0,"name":"Shaded","section":"Shading Mode"},"sceneLighting":false,"audioPlay":false,"sceneViewState":{"showFog":true,"showMaterialUpdate":true,"showSkybox":true,"showFlares":true,"showImageEffects":true,"showParticleSystems":true},"in2DMode":false,"pivot":{"x":0.30324602127075198,"y":4.226029396057129,"z":-0.8742289543151856},"rotation":{"x":0.02148880995810032,"y":-0.843966543674469,"z":-0.033908113837242129,"w":-0.5348915457725525},"size":13.610166549682618,"orthographic":false}