{"cameraMode":{"drawMode":0,"name":"Shaded","section":"Shading Mode"},"sceneLighting":false,"audioPlay":false,"sceneViewState":{"showFog":true,"showMaterialUpdate":true,"showSkybox":true,"showFlares":true,"showImageEffects":true,"showParticleSystems":true},"in2DMode":false,"pivot":{"x":1.5149388313293458,"y":2.3094358444213869,"z":-1.7910170555114747},"rotation":{"x":-0.3246590793132782,"y":0.26644474267959597,"z":-0.09585673362016678,"w":-0.9024495482444763},"size":8.604732513427735,"orthographic":false}