{"cameraMode":{"drawMode":0,"name":"Shaded","section":"Shading Mode"},"sceneLighting":false,"audioPlay":false,"sceneViewState":{"showFog":false,"showMaterialUpdate":false,"showSkybox":false,"showFlares":false,"showImageEffects":false,"showParticleSystems":false},"in2DMode":false,"pivot":{"x":1.7999998331069947,"y":2.4000000953674318,"z":1.0},"rotation":{"x":0.3427657186985016,"y":0.0014208750799298287,"z":-0.0005169060896150768,"w":0.9394197463989258},"size":9.552835464477539,"orthographic":false}