{"cameraMode":{"drawMode":0,"name":"Shaded","section":"Shading Mode"},"sceneLighting":false,"audioPlay":false,"sceneViewState":{"showFog":false,"showMaterialUpdate":false,"showSkybox":false,"showFlares":false,"showImageEffects":false,"showParticleSystems":false},"in2DMode":false,"pivot":{"x":-0.008027028292417527,"y":0.007669955492019653,"z":-0.007119879126548767},"rotation":{"x":-0.06719626486301422,"y":-0.8336118459701538,"z":0.5382814407348633,"w":-0.10406304150819779},"size":0.44162875413894656,"orthographic":false}