{"cameraMode":{"drawMode":0,"name":"Shaded","section":"Shading Mode"},"sceneLighting":false,"audioPlay":false,"sceneViewState":{"showFog":true,"showMaterialUpdate":true,"showSkybox":false,"showFlares":true,"showImageEffects":true,"showParticleSystems":true},"in2DMode":false,"pivot":{"x":-0.7776924967765808,"y":3.6526076793670656,"z":3.4214634895324709},"rotation":{"x":-0.07938908785581589,"y":0.10208814591169357,"z":-0.008171712048351765,"w":-0.9915687441825867},"size":17.54103660583496,"orthographic":false}