{"cameraMode":{"drawMode":0,"name":"Shaded","section":"Shading Mode"},"sceneLighting":true,"audioPlay":false,"sceneViewState":{"showFog":true,"showMaterialUpdate":true,"showSkybox":true,"showFlares":true,"showImageEffects":true,"showParticleSystems":true},"in2DMode":false,"pivot":{"x":15.964887619018555,"y":1.1789937019348145,"z":9.791549682617188},"rotation":{"x":-0.1779482662677765,"y":-0.0023671751841902735,"z":0.0004291110672056675,"w":-0.984036922454834},"size":14.2249174118042,"orthographic":false}