{"cameraMode":{"drawMode":0,"name":"Shaded","section":"Shading Mode"},"sceneLighting":true,"audioPlay":false,"sceneViewState":{"showFog":true,"showMaterialUpdate":true,"showSkybox":true,"showFlares":true,"showImageEffects":true,"showParticleSystems":true},"in2DMode":false,"pivot":{"x":19.764280319213868,"y":0.5428274869918823,"z":17.815227508544923},"rotation":{"x":-0.09024414420127869,"y":0.6747022271156311,"z":-0.08366402983665467,"w":-0.7277591228485107},"size":5.723879814147949,"orthographic":false}