{"cameraMode":{"drawMode":0,"name":"Shaded","section":"Shading Mode"},"sceneLighting":false,"audioPlay":false,"sceneViewState":{"showFog":true,"showMaterialUpdate":true,"showSkybox":true,"showFlares":true,"showImageEffects":true,"showParticleSystems":true},"in2DMode":false,"pivot":{"x":-0.22410768270492555,"y":2.9441308975219728,"z":0.00039577484130859375},"rotation":{"x":-0.30089616775512698,"y":0.6336389183998108,"z":-0.29357388615608218,"w":-0.6494441032409668},"size":15.883196830749512,"orthographic":false}