{"cameraMode":{"drawMode":0,"name":"Shaded","section":"Shading Mode"},"sceneLighting":false,"audioPlay":false,"sceneViewState":{"showFog":false,"showMaterialUpdate":false,"showSkybox":false,"showFlares":false,"showImageEffects":false,"showParticleSystems":false},"in2DMode":false,"pivot":{"x":-27.866893768310548,"y":-1.865492343902588,"z":11.071064949035645},"rotation":{"x":0.12648572027683259,"y":-0.47138893604278567,"z":0.0685257688164711,"w":0.8701137900352478},"size":31.263452529907228,"orthographic":false}