{"cameraMode":{"drawMode":0,"name":"Shaded","section":"Shading Mode"},"sceneLighting":true,"audioPlay":false,"sceneViewState":{"showFog":true,"showMaterialUpdate":true,"showSkybox":true,"showFlares":true,"showImageEffects":true,"showParticleSystems":true},"in2DMode":false,"pivot":{"x":0.015313148498535157,"y":1.0860373973846436,"z":-0.681013822555542},"rotation":{"x":-0.30089616775512698,"y":0.6336389183998108,"z":-0.29357388615608218,"w":-0.6494441032409668},"size":128.47886657714845,"orthographic":false}