{"cameraMode":{"drawMode":0,"name":"Shaded","section":"Shading Mode"},"sceneLighting":true,"audioPlay":false,"sceneViewState":{"showFog":true,"showMaterialUpdate":true,"showSkybox":true,"showFlares":true,"showImageEffects":true,"showParticleSystems":true},"in2DMode":false,"pivot":{"x":42.7342529296875,"y":32.97486114501953,"z":-7.152610778808594},"rotation":{"x":-0.5131089091300964,"y":0.06218978762626648,"z":-0.037309519946575168,"w":-0.8552542328834534},"size":17.92180061340332,"orthographic":false}