{"cameraMode":{"drawMode":0,"name":"Shaded","section":"Shading Mode"},"sceneLighting":false,"audioPlay":false,"sceneViewState":{"showFog":true,"showMaterialUpdate":true,"showSkybox":true,"showFlares":true,"showImageEffects":true,"showParticleSystems":true},"in2DMode":false,"pivot":{"x":1.0682986974716187,"y":2.4187490940093996,"z":-2.359072208404541},"rotation":{"x":0.012655464000999928,"y":0.9418178200721741,"z":-0.0356871522963047,"w":0.33398422598838808},"size":13.578868865966797,"orthographic":false}