{"cameraMode":{"drawMode":0,"name":"Shaded","section":"Shading Mode"},"sceneLighting":false,"audioPlay":false,"sceneViewState":{"showFog":false,"showMaterialUpdate":false,"showSkybox":false,"showFlares":false,"showImageEffects":false,"showParticleSystems":false},"in2DMode":false,"pivot":{"x":7.482606410980225,"y":-48.19066619873047,"z":8.092018127441407},"rotation":{"x":-0.6424884796142578,"y":0.35624465346336367,"z":0.5042364001274109,"w":0.45392075181007388},"size":250.39239501953126,"orthographic":true}