{"cameraMode":{"drawMode":0,"name":"Shaded","section":"Shading Mode"},"sceneLighting":true,"audioPlay":false,"sceneViewState":{"showFog":true,"showMaterialUpdate":true,"showSkybox":true,"showFlares":true,"showImageEffects":true,"showParticleSystems":true},"in2DMode":false,"pivot":{"x":12.85269832611084,"y":-2.5131778717041017,"z":8.414390563964844},"rotation":{"x":-0.3086453080177307,"y":-0.026540903374552728,"z":0.008617052808403969,"w":-0.9507678151130676},"size":82.3263931274414,"orthographic":false}