{"cameraMode":{"drawMode":0,"name":"Shaded","section":"Shading Mode"},"sceneLighting":false,"audioPlay":false,"sceneViewState":{"showFog":true,"showMaterialUpdate":true,"showSkybox":true,"showFlares":true,"showImageEffects":true,"showParticleSystems":true},"in2DMode":false,"pivot":{"x":479.5577697753906,"y":370.77520751953127,"z":-24.675628662109376},"rotation":{"x":-0.10070066899061203,"y":-0.021795298904180528,"z":0.002207777462899685,"w":-0.9946755766868591},"size":523.8317260742188,"orthographic":false}