{"cameraMode":{"drawMode":0,"name":"Shaded","section":"Shading Mode"},"sceneLighting":false,"audioPlay":false,"sceneViewState":{"showFog":false,"showMaterialUpdate":false,"showSkybox":false,"showFlares":false,"showImageEffects":false,"showParticleSystems":false},"in2DMode":false,"pivot":{"x":-1.2367258071899415,"y":2.2831907272338869,"z":1.8515477180480958},"rotation":{"x":-0.2254287600517273,"y":-0.3278120160102844,"z":0.08086042106151581,"w":-0.9138833284378052},"size":10.047101020812989,"orthographic":false}