{"cameraMode":{"drawMode":0,"name":"Shaded","section":"Shading Mode"},"sceneLighting":false,"audioPlay":false,"sceneViewState":{"showFog":true,"showMaterialUpdate":true,"showSkybox":true,"showFlares":true,"showImageEffects":true,"showParticleSystems":true},"in2DMode":false,"pivot":{"x":2.945561170578003,"y":1.6406617164611817,"z":-0.8384613990783691},"rotation":{"x":-0.09605193138122559,"y":0.05877579003572464,"z":-0.005681857466697693,"w":-0.9936232566833496},"size":7.930415630340576,"orthographic":false}