{"cameraMode":{"drawMode":0,"name":"Shaded","section":"Shading Mode"},"sceneLighting":true,"audioPlay":false,"sceneViewState":{"showFog":true,"showMaterialUpdate":true,"showSkybox":true,"showFlares":true,"showImageEffects":true,"showParticleSystems":true},"in2DMode":false,"pivot":{"x":9.598847389221192,"y":26.333656311035158,"z":2.2570345401763918},"rotation":{"x":-0.5974485278129578,"y":0.031729817390441897,"z":-0.023667091503739358,"w":-0.8009297251701355},"size":-0.5120633840560913,"orthographic":false}